<?xml version="1.0" ?> 
<SampleConfigs>

	<SampleConfig ParentNodeID = "PointCharts">
	<Title>Point Charts</Title> 
	<Thumbnail>thumbnail.jpg</Thumbnail>
	<ShortBlurb>Point Chart</ShortBlurb> 
	<Content>PointChart.aspx</Content> 
	<InfoPages>
		<InfoPage Title="C# Source">cscode.txt</InfoPage>
		<InfoPage Title="Visual Basic Source">vbcode.txt</InfoPage>
	</InfoPages>

	<Keywords>
      <Keyword>Point chart</Keyword>
      <Keyword>Marker, Size</Keyword>
      <Keyword>Marker, Shape</Keyword>
      <Keyword>Chart type, Point</Keyword>
      <Keyword>Data Label, Position</Keyword>
    </Keywords> 
	</SampleConfig>

</SampleConfigs>