<?xml version="1.0" ?> 
<SampleConfigs>

	<SampleConfig ParentNodeID = "Annotations" Priority="100">
	<Title>Annotation Appearance</Title>
	<Thumbnail>thumbnail.jpg</Thumbnail>
	<ShortBlurb>Annotation Appearance</ShortBlurb> 
	<Content>AnnotationAppearance.aspx</Content> 
	
	<InfoPages>
		<InfoPage Title="C# Source">cscode.txt</InfoPage>
		<InfoPage Title="Visual Basic Source">vbcode.txt</InfoPage>
	</InfoPages>

	<Keywords>
    <Keyword>Annotations, Tooltips</Keyword>
    <Keyword>Annotations, Appearance</Keyword>
    <Keyword>Annotations, Fonts</Keyword>
    <Keyword>Annotations, Borders</Keyword>
  </Keywords>   
</SampleConfig>

<SampleConfig ParentNodeID = "NewAnnotations">
	<Title>Annotation Appearance</Title>
	<Thumbnail>thumbnail.jpg</Thumbnail>
	<ShortBlurb>Annotation Appearance</ShortBlurb> 
	<Content>AnnotationAppearance.aspx</Content> 
	
	<InfoPages>
		<InfoPage Title="C# Source">cscode.txt</InfoPage>
		<InfoPage Title="Visual Basic Source">vbcode.txt</InfoPage>
	</InfoPages>
	 
</SampleConfig>

	
</SampleConfigs>