<?xml version="1.0" ?> 
<SampleConfigs>
<SampleConfig ParentNodeID = "PointCharts">
  <Title>Bubble Charts</Title> 
  <Thumbnail>thumbnail.jpg</Thumbnail>
  <ShortBlurb>Bubble Chart</ShortBlurb> 
  <Content>BubbleChart.aspx</Content> 
  <InfoPages>
    <InfoPage Title="C# Source">cscode.txt</InfoPage>
    <InfoPage Title="Visual Basic Source">vbcode.txt</InfoPage>
  </InfoPages>
<Keywords>
    <Keyword>Bubble chart</Keyword>
    <Keyword>Scaling, Bubble chart</Keyword>
    <Keyword>Chart type, Bubble</Keyword>
  </Keywords>
</SampleConfig>

</SampleConfigs>