<?xml version="1.0" ?> 
<SampleConfigs>
<SampleConfig ParentNodeID = "ChartAppearance" Priority="600">
  <Title>3D Point Gap and Depth</Title> 
  <Thumbnail>thumbnail.jpg</Thumbnail>
  <ShortBlurb>Setting 3D Point Gap and Depth</ShortBlurb> 
  <Content>UsingGaps3D.aspx</Content> 
  <InfoPages>
    <InfoPage Title="C# Source">cscode.txt</InfoPage>
    <InfoPage Title="Visual Basic Source">vbcode.txt</InfoPage>
  </InfoPages>

  <Keywords>
	<Keyword>Depth</Keyword>
	<Keyword>3D, Point and gap depth</Keyword>
  </Keywords>

</SampleConfig>


</SampleConfigs>