<?xml version="1.0" ?> 
<SampleConfigs>
<SampleConfig ParentNodeID = "DataSeries" Priority="700">
  <Title>Multiple Series and Z-Order</Title> 
  <Thumbnail>thumbnail.jpg</Thumbnail>
  <ShortBlurb>Using Multiple Series and Z-Order</ShortBlurb> 
  <Content>SeriesZOrder.aspx</Content> 
  <InfoPages>
    <InfoPage Title="C# Source">cscode.txt</InfoPage>
    <InfoPage Title="Visual Basic Source">vbcode.txt</InfoPage>
  </InfoPages>
  <Keywords>
    <Keyword>Series, Z order with Multiple Series</Keyword>
    <Keyword>Z Order, Series</Keyword>
  </Keywords>  
</SampleConfig>
</SampleConfigs>
