<?xml version="1.0" ?> 
<SampleConfigs>
<SampleConfig ParentNodeID = "ChartAppearance" Priority="200">
  <Title>Chart Background Appearance</Title> 
  <Thumbnail>thumbnail.jpg</Thumbnail>
  <ShortBlurb>Setting Chart Background Appearance</ShortBlurb> 
  <Content>ChartAppearance.aspx</Content> 
  <InfoPages>
    <InfoPage Title="C# Source">cscode.txt</InfoPage>
    <InfoPage Title="Visual Basic Source">vbcode.txt</InfoPage>
  </InfoPages>
<Keywords>
	<Keyword>Appearance</Keyword>
  </Keywords>
</SampleConfig>
</SampleConfigs>
