<?xml version="1.0" ?> 
<SampleConfigs>
<SampleConfig ParentNodeID = "Axis" Priority="500">
  <Title>Logarithmic Scale</Title> 
  <Thumbnail>thumbnail.jpg</Thumbnail>
  <ShortBlurb>Using Logarithmic Scale</ShortBlurb> 
  <Content>LogarithmicScale.aspx</Content>
  <InfoPages>
    <InfoPage Title="Overview">Overview.htm</InfoPage>
    <InfoPage Title="C# Source">cscode.txt</InfoPage>
    <InfoPage Title="Visual Basic Source">vbcode.txt</InfoPage>
  </InfoPages>
  <Keywords>
	<Keyword>Logarithmic scale</Keyword>
	<Keyword>Axis, Logarithmic scale</Keyword>
  </Keywords>
</SampleConfig>

</SampleConfigs>
