<?xml version="1.0" ?> 
<SampleConfigs>
<SampleConfig ParentNodeID = "Axis" Priority="550">
  <Title>Crossing And Reverse Axis Properties</Title> 
  <Thumbnail>thumbnail.jpg</Thumbnail>
  <ShortBlurb>Setting Crossing And Reverse Axis Properties</ShortBlurb> 
  <Content>CrossingAndReverse.aspx</Content> 
  <InfoPages>
    <InfoPage Title="C# Source">cscode.txt</InfoPage>
    <InfoPage Title="Visual Basic Source">vbcode.txt</InfoPage>
  </InfoPages>
  <Keywords>
	<Keyword>Crossing</Keyword>
	<Keyword>Axis, Crossing</Keyword>
	<Keyword>Reversing</Keyword>
	<Keyword>Axis, Reversing</Keyword>
  </Keywords> 
</SampleConfig>
</SampleConfigs>
